<?xml version="1.0" encoding="UTF-8"?>
<project-private xmlns="http://www.netbeans.org/ns/project-private/1">
    <editor-bookmarks xmlns="http://www.netbeans.org/ns/editor-bookmarks/2" lastBookmarkId="0"/>
    <open-files xmlns="http://www.netbeans.org/ns/projectui-open-files/2">
        <group>
            <file>file:/C:/Users/admin/Documents/NetBeansProjects/BiteRide/src/eQuickest/SettingsPage.java</file>
            <file>file:/C:/Users/admin/Documents/NetBeansProjects/BiteRide/src/eQuickest/LoginPage.java</file>
            <file>file:/C:/Users/admin/Documents/NetBeansProjects/BiteRide/src/eQuickest/UserConfirmBooking.java</file>
            <file>file:/C:/Users/admin/Documents/NetBeansProjects/BiteRide/src/eQuickest/UserSetLocation.java</file>
            <file>file:/C:/Users/admin/Documents/NetBeansProjects/BiteRide/src/eQuickest/UserCompleteBookingWithFood.java</file>
            <file>file:/C:/Users/admin/Documents/NetBeansProjects/BiteRide/src/eQuickest/UserSetLocationPackage.java</file>
        </group>
    </open-files>
</project-private>
